# ESPN's name => my name
Boston U => Boston U.
Indiana St => Indiana State
N Colorado => N. Colorado
Weber St => Weber State
UNC-Asheville => UNCA
Penn St => Penn State
Morehead St => Morehead State
Kent St => Kent State
Wichita St => Wichita State
Illinois St => Illinois State
American University => American
Appalachian State => Appalacian St.
Arizona St => Arizona State
Arkansas-Little Rock => Ark. L. Rock
Little Rock => Ark. L. Rock
Miami (Fla.) => Miami (FL)
Southern California => USC
Arkansas-Pine Bluff => Ark. Pine Bluff
Boston University => Boston U.
BYU => Brigham Young
Cal State Fullerton => CSU Fullerton
Cal State Northridge => CSU Northridge
Central Arkansas => Cen. Arkansas
Central Connecticut State => Cen. Conn. St.
Central Michigan => Cen. Mich.
Charleston Southern => Charleston Sou.
Coastal Carolina => Coastal Car.
Coast Carolina => Coastal Car.
Eastern Illinois => E. Illinois
Eastern Kentucky => E. Kentucky
Eastern Michigan => E. Michigan
Eastern Washington => E. Washington
East Tennessee State => E. Tenn. St.
E Tenn St => E. Tenn. St.
Fairleigh Dickinson => F. Dickinson
Florida Atlantic => Florida Atl.
Florida Gulf Coast University => FGCU
Florida International => Florida Int'l
Florida St => Florida State
George Washington => GWU
Georgia Southern => GA Southern
Georgia St => Georgia State
Illinois-Chicago => Ill. Chicago
Jacksonville State => Jacksonv. St.
Jackson St => Jackson State
Kansas St => Kansas State
Long Beach State => Long Beach St.
Louisiana-Lafayette => LA-Lafayette
La Lafayette => LA-Lafayette
LIU Brooklyn => Long Island
Louisiana-Monroe => LA-Monroe
Louisiana Tech => LA Tech
Loyola Marymount => Loyola Marymt.
Maryland-Baltimore County => UMBC
MD Baltimore Co => UMBC
Maryland-Eastern Shore => MD E. Shore
Michigan St => Michigan State
Middle Tennessee State => Mid. Tenn. St.
Middle Tenn. St. => Mid. Tenn. St.
Ole Miss => Mississippi
Florida Gulf Coast => FGCU
Mississippi State => Miss. St.
Miss. St => Miss. St.
Mississippi Valley State => Miss. Val. St.
Morgan St => Morgan State
Mount St. Mary's => Mt. St. Mary's
Murray St => Murray State
N Carolina Cent => NCCU
North Carolina Central => NCCU
North Dakota St => North Dak. St.
New Mexico St => New Mexico St.
New Mexico State => New Mexico St.
Nicholls State => Nicholls St.
North Carolina => UNC
North Carolina-Asheville => UNCA
NC Asheville => UNCA
North Carolina A&T => NC A&T
North Carolina Greensboro => UNCG
North Carolina State => NC State
N.C. State => NC State
N Carolina St => NC State
North Carolina-Wilmington => UNCW
UNC-Wilmington => UNCW
North Dakota State => North Dak. St.
Northern Arizona => N. Arizona
Northern Colorado => N. Colorado
Northern Illinois => N. Illinois
Northwestern State => Northw. St.
Ohio St => Ohio State
Oklahoma St => Oklahoma State
Prairie View A&M => Prairie View
Sacramento State => Sac. State
Sam Houston State => Sam Houston St.
Sam Houston St => Sam Houston St.
San Diego St => San Diego State
SMU => S. Methodist
South Carolina State => SC State
South Dakota State => South Dak. St.
Southeastern Louisiana => SE Louisiana
Southeast Missouri State => SE Missouri St.
SE Missouri State => SE Missouri St.
Southern Illinois => S. Illinois
Southern Methodist => S. Methodist
Southern University => Southern
Stephen F. Austin => S. F. Austin
St. Francis (NY) => St. Francis NY
St. Francis (PA) => St. Francis PA
Saint Joseph's => St. Joseph's
Tennessee-Martin => Tenn. Martin
UT-Chattanooga => Chattanooga
Texas A&M-Corpus Christi => Texas A&M CC
Texas Arlington => Texas-Arlington
Texas-Pan American => Texas Pan. Am.
Texas-San Antonio => UT-San Antonio
UC Santa Barbara => UCSB
Utah St => Utah State
Utah Valley State => Utah Valley St.
Virginia Commonwealth => VCU
Virginia Military => VMI
Washington State => Washington St.
Western Carolina => W. Carolina
Western Illinois => W. Illinois
Western Kentucky => W. Kentucky
Western Michigan => W. Michigan
Wisconsin-Green Bay => Wis. Grn. Bay
Wisc. Green Bay => Wis. Grn. Bay
Wisconsin-Milwaukee => Wis. Milw.
Milwaukee => Wis. Milw.
Youngstown State => Youngstown St.
